requirementId,implementedBy,clauseV321,clauseV411,title,condition,surfaceFamily,normativeReference,plannedMethods
ENS-01,product,5.2,5.2,Activation of accessibility features,Documented accessibility features exist,Shell settings/shortcut and theme controls,https://www.etsi.org/deliver/etsi_en/301500_301599/301549/04.01.01_60/en_301549v040101p.pdf,browser+manual_at
ENS-02,product,5.3,5.3,Biometrics,A biological characteristic is used for identification or control,Auth/passkeys,https://www.etsi.org/deliver/etsi_en/301500_301599/301549/04.01.01_60/en_301549v040101p.pdf,source+browser
ENS-03,product,5.4,5.4,Preservation of accessibility information during conversion,Information or communication is converted,Import/export/sanitizers/renderers/message and document generators,https://www.etsi.org/deliver/etsi_en/301500_301599/301549/04.01.01_60/en_301549v040101p.pdf,source+automated+browser
ENS-04,product,5.6.1+5.6.2 (not in Table A.1),5.6.1+5.6.2,Locking or toggle controls: status,A locking or toggle control exists,Switches/toggle buttons/pressed states,https://www.etsi.org/deliver/etsi_en/301500_301599/301549/04.01.01_60/en_301549v040101p.pdf,automated+browser+manual_at
ENS-05,product,5.7 (not in Table A.1),5.7,Key repeat,A keyboard or keypad with a key repeat function that cannot be turned off enters repeated data into fields or documents,Custom keyboard handling,https://www.etsi.org/deliver/etsi_en/301500_301599/301549/04.01.01_60/en_301549v040101p.pdf,source
ENS-06,product,5.8 (not in Table A.1),5.8,Double-strike key acceptance,A keyboard interface service or keyboard is included and the time before the same key is accepted again can be adjusted,Custom keyboard handling,https://www.etsi.org/deliver/etsi_en/301500_301599/301549/04.01.01_60/en_301549v040101p.pdf,source
ENS-07,product,5.9 (not in Table A.1),5.9,Simultaneous user actions,A mode of operation requires simultaneous user actions,Shortcuts/multi-touch gestures,https://www.etsi.org/deliver/etsi_en/301500_301599/301549/04.01.01_60/en_301549v040101p.pdf,browser
ENS-08,product,6.1+6.2+6.5,6.0-6.2+6.5-6.7,"Real-time bidirectional voice, real-time text and video communication",Two-way voice communication is provided,Voice/RTT/video calls,https://www.etsi.org/deliver/etsi_en/301500_301599/301549/04.01.01_60/en_301549v040101p.pdf,source+manual
ENS-09,product,7.1.1-7.1.5,7.1.1-7.1.5,Caption or subtitle processing,Video with synchronized audio is displayed or converted,Media players/uploads,https://www.etsi.org/deliver/etsi_en/301500_301599/301549/04.01.01_60/en_301549v040101p.pdf,browser+manual
ENS-10,product,7.2.1-7.2.3,7.2.1-7.2.3,Audio description processing,Video with synchronized audio is displayed or converted,Media players/uploads,https://www.etsi.org/deliver/etsi_en/301500_301599/301549/04.01.01_60/en_301549v040101p.pdf,browser+manual
ENS-11,product,7.3,7.3,User control of captions or subtitles and audio description,"A surface primarily displays video with synchronized audio (V4.1.1: and controls the activation of subtitles, audio description and spoken subtitles)",Media players,https://www.etsi.org/deliver/etsi_en/301500_301599/301549/04.01.01_60/en_301549v040101p.pdf,browser+manual_at
ENS-12,product,9.6,9.6,WCAG conformance requirements,Web page,All pages and complete processes,https://www.w3.org/TR/WCAG22/#conformance-reqs,browser+manual
ENS-13,product,11.7,9.7,User preferences,Web page; unconditional in V3.2.1 Table A.1,All surfaces/themes,https://www.etsi.org/deliver/etsi_en/301500_301599/301549/04.01.01_60/en_301549v040101p.pdf,source+browser+measurement
ENS-14,product,10.1-10.4,10.1-10.4+10.7,Non-web documents,V3.2.1 Table A.1: documents and forms downloadable from a web page. V4.1.1 Table A.2: the ICT is or includes a non-web document,Generated documents/exports/e-mail messages,https://www.etsi.org/deliver/etsi_en/301500_301599/301549/04.01.01_60/en_301549v040101p.pdf,automated+manual+manual_at
ENS-15,product,11.8.1,5.10.1,Authoring tools: content technology,Authoring tool functionality exists,Editors/content and catalog forms/template editors,https://www.etsi.org/deliver/etsi_en/301500_301599/301549/04.01.01_60/en_301549v040101p.pdf,source+manual
ENS-16,product,11.8.2,5.10.2,Authoring tools: accessible content creation,Authoring tool functionality exists,Editors/content and catalog forms/template editors,https://www.etsi.org/deliver/etsi_en/301500_301599/301549/04.01.01_60/en_301549v040101p.pdf,browser+manual+manual_at
ENS-17,product,11.8.3,5.10.3,Authoring tools: preservation of accessibility information in transformations,Restructuring or re-coding transformations are provided,Import/export/format conversion of authored content,https://www.etsi.org/deliver/etsi_en/301500_301599/301549/04.01.01_60/en_301549v040101p.pdf,source+automated+browser
ENS-18,product,11.8.4,5.10.4,Authoring tools: repair assistance,The tool can detect that content fails a requirement,Editors with checks,https://www.etsi.org/deliver/etsi_en/301500_301599/301549/04.01.01_60/en_301549v040101p.pdf,browser+manual
ENS-19,product,11.8.5,5.10.5,Authoring tools: templates,Templates are provided,Content/message/document templates and scaffolds,https://www.etsi.org/deliver/etsi_en/301500_301599/301549/04.01.01_60/en_301549v040101p.pdf,source+automated+manual
ENS-20,product,12.1.1,12.3,Accessibility and compatibility features are documented,Product documentation exists; unconditional in V3.2.1 Table A.1,Documentation site/in-product help,https://www.etsi.org/deliver/etsi_en/301500_301599/301549/04.01.01_60/en_301549v040101p.pdf,manual
ENS-21,product,12.1.2,12.1+12.2,Accessible documentation and information about products and services,Documentation or information is provided in digital form; unconditional in V3.2.1 Table A.1,Documentation site/in-product help/service information pages,https://www.etsi.org/deliver/etsi_en/301500_301599/301549/04.01.01_60/en_301549v040101p.pdf,automated+browser+manual_at
ENS-22,product and deployer,12.2.2+12.2.3+12.2.4,12.2+12.3 (12.2.3 has no counterpart),Support services: accessibility information and accessible communication,Support services are offered; unconditional in V3.2.1 Table A.1,Support channels and their documentation,https://www.etsi.org/deliver/etsi_en/301500_301599/301549/03.02.01_60/en_301549v030201p.pdf,manual
ENS-23,product,,14.3,One mode,Conformance is achieved through an alternative mode of operation,Conforming alternate versions/modes,https://www.etsi.org/deliver/etsi_en/301500_301599/301549/04.01.01_60/en_301549v040101p.pdf,browser+manual
ENS-24,product,6.3,6.3,Caller ID,Caller identification or other identification functions are provided,Call records and telephony integrations,https://www.etsi.org/deliver/etsi_en/301500_301599/301549/04.01.01_60/en_301549v040101p.pdf,source+browser+manual_at
ENS-25,product,6.4,6.4,Alternatives to voice-based services,"Voice mail, auto-attendant or interactive voice response facilities are provided",Telephony integrations,https://www.etsi.org/deliver/etsi_en/301500_301599/301549/04.01.01_60/en_301549v040101p.pdf,source+manual
ENS-26,product,9.4.1.1,void,Parsing (WCAG 2.1 SC 4.1.1),Web page; V3.2.1 only,All pages,https://www.etsi.org/deliver/etsi_en/301500_301599/301549/03.02.01_60/en_301549v030201p.pdf,source+automated
ENS-27,product,informative (4.2.1),4.2.1,Usage without vision,Visual modes of operation are provided,All surfaces,https://www.etsi.org/deliver/etsi_en/301500_301599/301549/04.01.01_60/en_301549v040101p.pdf,manual_at
ENS-28,product,informative (4.2.2),4.2.2,Usage with limited vision,Visual modes of operation are provided,All surfaces,https://www.etsi.org/deliver/etsi_en/301500_301599/301549/04.01.01_60/en_301549v040101p.pdf,browser+measurement
ENS-29,product,informative (4.2.3),4.2.3,Usage without perception of colour,Visual modes of operation are provided,All surfaces,https://www.etsi.org/deliver/etsi_en/301500_301599/301549/04.01.01_60/en_301549v040101p.pdf,browser+manual
ENS-30,product,informative (4.2.4),4.2.4,Usage without hearing,Auditory modes of operation are provided,Media and sound,https://www.etsi.org/deliver/etsi_en/301500_301599/301549/04.01.01_60/en_301549v040101p.pdf,source+manual
ENS-31,product,informative (4.2.5),4.2.5,Usage with limited hearing,Auditory modes of operation are provided,Media and sound,https://www.etsi.org/deliver/etsi_en/301500_301599/301549/04.01.01_60/en_301549v040101p.pdf,source+manual
ENS-32,product,informative (4.2.6),4.2.6,Usage with no or limited vocal capability,Vocal input is required,Voice input,https://www.etsi.org/deliver/etsi_en/301500_301599/301549/04.01.01_60/en_301549v040101p.pdf,source
ENS-33,product,informative (4.2.7),4.2.7,Usage with limited manipulation or strength,Manual actions are required,All surfaces,https://www.etsi.org/deliver/etsi_en/301500_301599/301549/04.01.01_60/en_301549v040101p.pdf,browser+manual_at
ENS-34,product,informative (4.2.8),4.2.8,Usage with limited reach,"The ICT is stationary, free-standing or installed",Hardware,https://www.etsi.org/deliver/etsi_en/301500_301599/301549/04.01.01_60/en_301549v040101p.pdf,source
ENS-35,product,informative (4.2.9),4.2.9,Minimize photosensitive seizure triggers,Visual modes of operation are provided,Animation and media,https://www.etsi.org/deliver/etsi_en/301500_301599/301549/04.01.01_60/en_301549v040101p.pdf,manual+measurement
ENS-36,product,informative (4.2.10),4.2.10,"Usage with limited cognition, language or learning",Information is provided or user interaction is required,All surfaces and messages,https://www.etsi.org/deliver/etsi_en/301500_301599/301549/04.01.01_60/en_301549v040101p.pdf,manual
ENS-37,product,informative (4.2.11),4.2.11,Privacy,Features for accessibility are provided,Auth/masked fields/announcements,https://www.etsi.org/deliver/etsi_en/301500_301599/301549/04.01.01_60/en_301549v040101p.pdf,source+manual_at
ENS-38,product,5.1+5.5+8+11+12.4+12.5+13,5.1+5.5+8+11+12.4+12.5+13,"Requirements that depend on the type of ICT: closed functionality, hardware, non-web software, electronic programme guides, relay and emergency services",The product is or includes such ICT,Product inventory,https://www.etsi.org/deliver/etsi_en/301500_301599/301549/04.01.01_60/en_301549v040101p.pdf,source
EAA-01,deployer with product support,,,Information on how the service meets accessibility requirements (Article 13(2) and Annex V),Service within the scope of Directive (EU) 2019/882,Accessibility information page/terms/conformance report,https://eur-lex.europa.eu/eli/dir/2019/882/oj,manual
EAA-02,deployer with product support,,,Information about the functioning of the service and about the accessibility characteristics of products used to provide it (Annex I Section III(b)),Service within the scope of Directive (EU) 2019/882,Service information/help/order and account messages,https://eur-lex.europa.eu/eli/dir/2019/882/oj,automated+browser+manual_at
EAA-03,deployer with product support,,,Support services provide accessibility information in accessible modes of communication (Annex I Section III(d)),Support services are available,Contact and support channels,https://eur-lex.europa.eu/eli/dir/2019/882/oj,manual
EAA-04,deployer with product support,,,Accessibility information of the products and services being sold (Annex I Section IV(g)(i)),The responsible economic operator provides that information,Catalog data/product pages/order documents,https://eur-lex.europa.eu/eli/dir/2019/882/oj,source+browser+manual_at
EAA-05,product,,,"Identification, security and payment functionality, when delivered as part of a service instead of a product, is perceivable, operable, understandable and robust (Annex I Section IV(g)(ii))",E-commerce service provided to consumers,Auth/MFA/bot challenge/checkout/payment steps,https://eur-lex.europa.eu/eli/dir/2019/882/oj,browser+manual_at
EAA-06,product,,,"Identification methods, electronic signatures and payment services are perceivable, operable, understandable and robust (Annex I Section IV(g)(iii))",E-commerce service provided to consumers,Sign-in methods/acceptance and signature steps/payment providers,https://eur-lex.europa.eu/eli/dir/2019/882/oj,browser+manual_at
EAA-07,deployer with product support,,,Procedures keep the service in conformity when the service or the standards change (Article 13(3)),Service within the scope of Directive (EU) 2019/882,Release process/standards watch/upgrade notes,https://eur-lex.europa.eu/eli/dir/2019/882/oj,manual
EAA-08,deployer with product support,,,Non-conformities are corrected and reported and conformity can be demonstrated on request (Article 13(4) and 13(5)),Service within the scope of Directive (EU) 2019/882,Known limitations/remediation ledger/evidence package,https://eur-lex.europa.eu/eli/dir/2019/882/oj,manual
EAA-09,deployer with product support,,,Accessibility of the products used in the provision of the service (Annex I Section III(a)),Products within the scope of the Directive are used to provide the service,Terminals and devices a deployer operates,https://eur-lex.europa.eu/eli/dir/2019/882/oj,manual
WAD-01,deployer with product support,,,Accessibility statement with a feedback mechanism and a link to the enforcement procedure (Article 7(1)),Public sector body within the scope of Directive (EU) 2016/2102,Statement page/feedback channel,https://eur-lex.europa.eu/eli/dir/2016/2102/oj,manual
